Designator,Footprint,Quantity,Value,LCSC Part #
"BT1, BT2, BT3, BT4, BT5",CA123A_PC,5,CR123A,
"C1, C10, C11, C13, C14, C4, C5, C6",0603,8,0.1uF,
"C12, C8, C9",1206,3,10uF,
C16,CP_Elec_6.3x5.9,1,33uF,
"C2, C3",0603,2,0.056uF,
C7,CP_Radial_D18.0mm_P7.50mm,1,2200uF,
"D1, D2",0603,2,Orange,
D3,D_SMB_Handsoldering,1,SR54F,
"D4, D5, D6",D_SOD-123F,3,GS1010FL,
D7,0603,1,Green,
J1,Hirose_DF1B,1,GPU,
J2,Hirose_DF1B,1,BATTERY,
J3,Hirose_DF11B-8DP-2DS,1,BUS,
J4,Hirose_DF11B-8DP-2DS,1,MONITOR,
J5,Hirose_DF1B,1,MASTER,
"Q1, Q2",TO-252-2,2,TK8S06K3L,
"Q3, Q5",SOT-23,2,AO3401A,
"R1, R2, R7",0603,3,2.7kR,
"R13, R14, R15, R16, TH1, TH2, TH3, TH4",0603,8,10kR,
"R17, R6",0603,2,5.6kR,
R18,0603,1,3.3kR,
"R19, R3, R4, R5",2816,4,0.1R,
U1,MSOP-16_3x4mm_P0.5mm,1,LTC4353,
"U2, U3, U4, U8",SOT-23-8,4,INA219BxDCN,
"U5, U6, U7",TO-252-2,3,NJM7812SDL1,
