Designator,Footprint,Quantity,Value,LCSC Part #
C1,1206,1,10uF,
C2,0603,1,2.2uF,
"C3, C4, C5, C6",0603,4,0.1uF,
"C7, C8",0603,2,15pF,
"D1, D2, D5, D6",0603,4,B,
D3,0603,1,R,
D4,D_SOD-123F,1,GS1010FL,
J1,Hirose_DF11B-8DP-2DS,1,BUS,
J2,Hirose_DF1B,1,TERMISTOR,
J3,Hirose_DF11B-8DP-2DS,1,MONITOR,
"R1, R2, R7, R8",0603,4,680R,
"R10, R9",0603,2,10kR,
"R11, R12, R13, R14, R15, R3, R4",0603,7,4.7kR,
R5,0603,1,2.4kR,
R6,0603,1,120R,
U1,ARDUINO_ABX00012,1,Arduino MKR WAN 1310,
"U10, U5, U6, U9",DIP-8_W7.62mm,4,MB85RS2MT,
U2,TO-252-2,1,NJM7805SDL1,
U3,DIP-8_W7.62mm,1,MCP2562-E-P,
U4,DIP-18_W7.62mm,1,MCP2515-I/P,MCP2515-I/P
U7,BNO055,1,BNO055,
U8,BME280,1,BME280,
Y1,Crystal_SMD_HC49-SD,1,8MHz,
