Designator,Footprint,Quantity,Value,LCSC Part #
BZ1,Buzzer_12x9.5RM7.6,1,UGCM1205XP,
C1,1206,1,10uF,
"C10, C3, C4, C5, C8, C9",0603,6,0.1uF,
C2,0603,1,2.2uF,
"C6, C7",0603,2,15pF,
"D1, D2, D3, D6, D7",0603,5,B,
"D10, D8",0603,2,G,
"D11, D5, D9",D_SOD-123F,3,GS1010FL,
D4,0603,1,R,
J1,Hirose_DF11B-8DP-2DS,1,BUS,
J2,Hirose_DF1B,1,SN3,
J3,Hirose_DF1B,1,SN4,
J4,Hirose_DF1B,1,PIN,
J6,Hirose_DF1B,1,VREF,
"Q1, Q2",SOT-23,2,AO3400A,
Q3,SC-59_Handsoldering,1,2SC3325-Y,
"R1, R12, R13, R2, R3",0603,5,680R,
"R10, R6, R8",0603,3,1.2kR,
R11,0603,1,120R,
"R14, R16, R19, R23, R24, R25, R5, R7, R9",0603,9,10kR,
"R15, R18",0603,2,300R,
"R17, R20, R4",0603,3,2.4kR,
"R21, R22, R28",0603,3,4.7kR,
U1,ARDUINO_ABX00012,1,Arduino MKR WAN 1310,
U2,Arduino MKR GPS Shield,1,Arduino MKR GPS Shield,
U3,TO-252-2,1,NJM7805SDL1,
U4,DIP-8_W7.62mm,1,MCP2562-E-P,
U5,DIP-18_W7.62mm,1,MCP2515-I/P,MCP2515-I/P
U6,DIP-8_W7.62mm,1,MB85RS2MT,
U7,TSOT-23-5_HandSoldering,1,TC7S14F,
Y1,Crystal_SMD_HC49-SD,1,8MHz,
